[ 

  { 

    "VARIANCE_ITEM_COST": null, 
    "RECEIPT_QUANTITY": null, 
    "INVOICE_DATE": "2022-01-31T00:00:00", 
    "INVOICE_COST": 1.6625, 
    "RECEIPT_COST": 1.6625, 
    "SUPPLIER_NAME": "BRITANIA INDIA", 
    "INVOICE_NUMBER": "695217", 
    "SUPPLIER_SITE": "1002834", 
    "TOTAL_RECEIPT_ITEM_COST": null, 
    "ITEM": "1202606072", 
    "ITEM_DESC": "KATES DRK CHOC CHERRY", 
    "INVOICE_QUANTITY": 150, 
    "DUE_DATE": "2022-02-10T00:00:00", 
    "UPC": "897785001304", 
    "TOTAL_INVOICE_ITEM_COST": 249.375, 
    "PACK_SIZE": 1, 
    "RECEIPT_DATE": null, 
    "SUPPLIER_SITE_NAME": "422664_PKP1_99_BRITANIA INDIA(LX)", 
    "SUPPLIER_NUMBER": "1000059", 
    "VARIANCE_UNIT_COST": 0 
  }, 
  { 

    "VARIANCE_ITEM_COST": null, 
    "RECEIPT_QUANTITY": null, 
    "INVOICE_DATE": "2022-01-31T00:00:00", 
    "INVOICE_COST": 1.6625, 
    "PO_NUMBER": 695217, 
    "RECEIPT_COST": 1.6625, 
    "SUPPLIER_NAME": "BRITANIA INDIA", 
    "INVOICE_NUMBER": "695217", 
    "SUPPLIER_SITE": "1002834", 
    "TOTAL_RECEIPT_ITEM_COST": null, 
    "ITEM": "1202606072", 
    "ITEM_DESC": "KATES DRK CHOC CHERRY", 
    "INVOICE_QUANTITY": 150, 
    "DUE_DATE": "2022-02-10T00:00:00", 
    "UPC": "897785001304", 
    "TOTAL_INVOICE_ITEM_COST": 249.375, 
    "PACK_SIZE": 1, 
    "RECEIPT_DATE": null, 
    "SUPPLIER_SITE_NAME": "422664_PKP1_99_BRITANIA INDIA(LX)", 
    "SUPPLIER_NUMBER": "1000059", 
    "VARIANCE_UNIT_COST": 0 
  }

]