[ 

    { 

        "VARIANCE_ITEM_COST": null, 

        "RECEIPT_QUANTITY": null, 

        "INVOICE_DATE": "2022-01-31T00:00:00", 

        "EMAIL3": "-", 

        "INVOICE_COST": 1.6625, 

        "EMAIL2": "-", 

        "EMAIL1": "-", 

        "PO_NUMBER": 695217, 

        "RECEIPT_COST": 1.6625, 

        "SUPPLIER_NAME": "BRITANIA INDIA", 

        "INVOICE_NUMBER": "695217", 

        "EMAIL5": "snankur@deloitte.com", 

        "SUPPLIER_SITE": "1002834", 

        "EMAIL4": "-", 

        "TOTAL_RECEIPT_ITEM_COST": null, 

        "ITEM": "1202606072", 

        "ITEM_DESC": "KATES DRK CHOC CHERRY", 

        "INVOICE_QUANTITY": 150, 

        "DUE_DATE": "2022-02-10T00:00:00", 

        "UPC": "897785001304", 

        "TOTAL_INVOICE_ITEM_COST": 249.375, 

        "PACK_SIZE": 1, 

        "RECEIPT_DATE": null, 

        "SUPPLIER_SITE_NAME": "422664_PKP1_99_BRITANIA INDIA(LX)", 

        "SUPPLIER_NUMBER": "1000059", 

        "VARIANCE_UNIT_COST": 0 

    }, 

    { 

        "VARIANCE_ITEM_COST": null, 

        "RECEIPT_QUANTITY": null, 

        "INVOICE_DATE": "2022-01-31T00:00:00", 

        "EMAIL3": "-", 

        "INVOICE_COST": 1.81, 

        "EMAIL2": "-", 

        "EMAIL1": "-", 

        "PO_NUMBER": 695217, 

        "RECEIPT_COST": 1.81, 

        "SUPPLIER_NAME": "BRITANIA INDIA", 

        "INVOICE_NUMBER": "695217", 

        "EMAIL5": "snankur@deloitte.com", 

        "SUPPLIER_SITE": "1002834", 

        "EMAIL4": "-", 

        "TOTAL_RECEIPT_ITEM_COST": null, 

        "ITEM": "1201556316", 

        "ITEM_DESC": "QUEST WHITE CHOC RASPBERRY BAR", 

        "INVOICE_QUANTITY": 100, 

        "DUE_DATE": "2022-02-10T00:00:00", 

        "UPC": "888849000210", 

        "TOTAL_INVOICE_ITEM_COST": 181, 

        "PACK_SIZE": 1, 

        "RECEIPT_DATE": null, 

        "SUPPLIER_SITE_NAME": "422664_PKP1_99_BRITANIA INDIA(LX)", 

        "SUPPLIER_NUMBER": "1000059", 

        "VARIANCE_UNIT_COST": 0 

    }, 

    { 

        "VARIANCE_ITEM_COST": 62, 

        "RECEIPT_QUANTITY": 300, 

        "INVOICE_DATE": "2022-02-14T00:00:00", 

        "EMAIL3": "-", 

        "INVOICE_COST": 4.81, 

        "EMAIL2": "-", 

        "EMAIL1": "-", 

        "PO_NUMBER": 660219, 

        "RECEIPT_COST": 1.81, 

        "SUPPLIER_NAME": "BRITANIA INDIA", 

        "INVOICE_NUMBER": "INV660219", 

        "EMAIL5": "snankur@deloitte.com", 

        "SUPPLIER_SITE": "1002834", 

        "EMAIL4": "-", 

        "TOTAL_RECEIPT_ITEM_COST": 543, 

        "ITEM": "1201556316", 

        "ITEM_DESC": "QUEST WHITE CHOC RASPBERRY BAR", 

        "INVOICE_QUANTITY": 100, 

        "DUE_DATE": "2022-03-16T00:00:00", 

        "UPC": "888849000210", 

        "TOTAL_INVOICE_ITEM_COST": 481, 

        "PACK_SIZE": 1, 

        "RECEIPT_DATE": "2022-02-11T18:32:54", 

        "SUPPLIER_SITE_NAME": "422664_PKP1_99_BRITANIA INDIA(LX)", 

        "SUPPLIER_NUMBER": "1000059", 

        "VARIANCE_UNIT_COST": -3 

    }, 

    { 

        "VARIANCE_ITEM_COST": -59.73, 

        "RECEIPT_QUANTITY": 90, 

        "INVOICE_DATE": "2022-01-09T00:00:00", 

        "EMAIL3": "-", 

        "INVOICE_COST": 1.81, 

        "EMAIL2": "-", 

        "EMAIL1": "-", 

        "PO_NUMBER": 700226, 

        "RECEIPT_COST": 1.81, 

        "SUPPLIER_NAME": "BRITANIA INDIA", 

        "INVOICE_NUMBER": "INV700226", 

        "EMAIL5": "snankur@deloitte.com", 

        "SUPPLIER_SITE": "1002834", 

        "EMAIL4": "-", 

        "TOTAL_RECEIPT_ITEM_COST": 162.9, 

        "ITEM": "1201556316", 

        "ITEM_DESC": "QUEST WHITE CHOC RASPBERRY BAR", 

        "INVOICE_QUANTITY": 123, 

        "DUE_DATE": "2022-02-08T00:00:00", 

        "UPC": "888849000210", 

        "TOTAL_INVOICE_ITEM_COST": 222.63, 

        "PACK_SIZE": 1, 

        "RECEIPT_DATE": "2022-02-07T00:00:00", 

        "SUPPLIER_SITE_NAME": "422664_PKP1_99_BRITANIA INDIA(LX)", 

        "SUPPLIER_NUMBER": "1000059", 

        "VARIANCE_UNIT_COST": 0 

    }, 

    { 

        "VARIANCE_ITEM_COST": -45.25, 

        "RECEIPT_QUANTITY": 100, 

        "INVOICE_DATE": "2022-01-08T00:00:00", 

        "EMAIL3": "-", 

        "INVOICE_COST": 1.81, 

        "EMAIL2": "-", 

        "EMAIL1": "-", 

        "PO_NUMBER": 705221, 

        "RECEIPT_COST": 1.81, 

        "SUPPLIER_NAME": "BRITANIA INDIA", 

        "INVOICE_NUMBER": "INV705221", 

        "EMAIL5": "snankur@deloitte.com", 

        "SUPPLIER_SITE": "1002834", 

        "EMAIL4": "-", 

        "TOTAL_RECEIPT_ITEM_COST": 181, 

        "ITEM": "1201556316", 

        "ITEM_DESC": "QUEST WHITE CHOC RASPBERRY BAR", 

        "INVOICE_QUANTITY": 125, 

        "DUE_DATE": "2022-02-07T00:00:00", 

        "UPC": "888849000210", 

        "TOTAL_INVOICE_ITEM_COST": 226.25, 

        "PACK_SIZE": 1, 

        "RECEIPT_DATE": "2022-02-07T00:00:00", 

        "SUPPLIER_SITE_NAME": "422664_PKP1_99_BRITANIA INDIA(LX)", 

        "SUPPLIER_NUMBER": "1000059", 

        "VARIANCE_UNIT_COST": 0 

    }, 

    { 

        "VARIANCE_ITEM_COST": -1052, 

        "RECEIPT_QUANTITY": 200, 

        "INVOICE_DATE": "2022-02-07T00:00:00", 

        "EMAIL3": "-", 

        "INVOICE_COST": 20, 

        "EMAIL2": "-", 

        "EMAIL1": "-", 

        "PO_NUMBER": 755226, 

        "RECEIPT_COST": 14.74, 

        "SUPPLIER_NAME": "HINDUSTAN UNILEVER", 

        "INVOICE_NUMBER": "INV755226", 

        "EMAIL5": "snankur@deloitte.com", 

        "SUPPLIER_SITE": "1003452", 

        "EMAIL4": "-", 

        "TOTAL_RECEIPT_ITEM_COST": 2948, 

        "ITEM": "1202546525", 

        "ITEM_DESC": "ICE CUBES 5 PK", 

        "INVOICE_QUANTITY": 200, 

        "DUE_DATE": "2022-02-11T00:00:00", 

        "UPC": "072084003499", 

        "TOTAL_INVOICE_ITEM_COST": 4000, 

        "PACK_SIZE": 1, 

        "RECEIPT_DATE": "2022-02-10T00:00:00", 

        "SUPPLIER_SITE_NAME": "142322_PKP1_99_R.L.HINDUSTAN UNILEVER", 

        "SUPPLIER_NUMBER": "1000249", 

        "VARIANCE_UNIT_COST": -5.26 

    }, 

    { 

        "VARIANCE_ITEM_COST": 10.1, 

        "RECEIPT_QUANTITY": 100, 

        "INVOICE_DATE": "2022-01-08T00:00:00", 

        "EMAIL3": "-", 

        "INVOICE_COST": 0.505, 

        "EMAIL2": "-", 

        "EMAIL1": "-", 

        "PO_NUMBER": 700221, 

        "RECEIPT_COST": 0.505, 

        "SUPPLIER_NAME": "LAYS INDIA", 

        "INVOICE_NUMBER": "INV700221", 

        "EMAIL5": "snankur@deloitte.com", 

        "SUPPLIER_SITE": "1003761", 

        "EMAIL4": "-", 

        "TOTAL_RECEIPT_ITEM_COST": 50.5, 

        "ITEM": "810176", 

        "ITEM_DESC": "PEANUT BUTTER BAKERY BONE", 

        "INVOICE_QUANTITY": 80, 

        "DUE_DATE": "2022-02-07T00:00:00", 

        "UPC": "850089007625", 

        "TOTAL_INVOICE_ITEM_COST": 40.4, 

        "PACK_SIZE": 1, 

        "RECEIPT_DATE": "2022-02-07T00:00:00", 

        "SUPPLIER_SITE_NAME": "101100_PKP1_99_LAYS INDIA", 

        "SUPPLIER_NUMBER": "1000356", 

        "VARIANCE_UNIT_COST": 0 

    }, 

    { 

        "VARIANCE_ITEM_COST": 60.9, 

        "RECEIPT_QUANTITY": 200, 

        "INVOICE_DATE": "2022-02-07T00:00:00", 

        "EMAIL3": "-", 

        "INVOICE_COST": 2.03, 

        "EMAIL2": "-", 

        "EMAIL1": "-", 

        "PO_NUMBER": 755227, 

        "RECEIPT_COST": 2.03, 

        "SUPPLIER_NAME": "LAYS INDIA", 

        "INVOICE_NUMBER": "INV755227", 

        "EMAIL5": "snankur@deloitte.com", 

        "SUPPLIER_SITE": "1003761", 

        "EMAIL4": "-", 

        "TOTAL_RECEIPT_ITEM_COST": 406, 

        "ITEM": "982843", 

        "ITEM_DESC": "COSMOS DOGGY JERKY DUCK", 

        "INVOICE_QUANTITY": 170, 

        "DUE_DATE": "2022-02-11T00:00:00", 

        "UPC": "856995008503", 

        "TOTAL_INVOICE_ITEM_COST": 345.1, 

        "PACK_SIZE": 1, 

        "RECEIPT_DATE": "2022-02-10T00:00:00", 

        "SUPPLIER_SITE_NAME": "101100_PKP1_99_LAYS INDIA", 

        "SUPPLIER_NUMBER": "1000356", 

        "VARIANCE_UNIT_COST": 0 

    }, 

    { 

        "VARIANCE_ITEM_COST": -204, 

        "RECEIPT_QUANTITY": 200, 

        "INVOICE_DATE": "2022-02-07T00:00:00", 

        "EMAIL3": "-", 

        "INVOICE_COST": 7.5, 

        "EMAIL2": "-", 

        "EMAIL1": "-", 

        "PO_NUMBER": 755228, 

        "RECEIPT_COST": 6.48, 

        "SUPPLIER_NAME": "McD INDIA", 

        "INVOICE_NUMBER": "INV755228", 

        "EMAIL5": "snankur@deloitte.com", 

        "SUPPLIER_SITE": "1003763", 

        "EMAIL4": "-", 

        "TOTAL_RECEIPT_ITEM_COST": 1296, 

        "ITEM": "1201270495", 

        "ITEM_DESC": "SYRUP HAZELNUT MONIN", 

        "INVOICE_QUANTITY": 200, 

        "DUE_DATE": "2022-02-11T00:00:00", 

        "UPC": "738337060731", 

        "TOTAL_INVOICE_ITEM_COST": 1500, 

        "PACK_SIZE": 1, 

        "RECEIPT_DATE": "2022-02-10T00:00:00", 

        "SUPPLIER_SITE_NAME": "420082_PKP1_99_McD INDIA", 

        "SUPPLIER_NUMBER": "1000357", 

        "VARIANCE_UNIT_COST": -1.02 

    }, 

    { 

        "VARIANCE_ITEM_COST": -98, 

        "RECEIPT_QUANTITY": 100, 

        "INVOICE_DATE": "2022-01-10T00:00:00", 

        "EMAIL3": "-", 

        "INVOICE_COST": 2, 

        "EMAIL2": "-", 

        "EMAIL1": "-", 

        "PO_NUMBER": 565175, 

        "RECEIPT_COST": 1.02, 

        "SUPPLIER_NAME": "COLGATE INDIA", 

        "INVOICE_NUMBER": "INV565175", 

        "EMAIL5": "snankur@deloitte.com", 

        "SUPPLIER_SITE": "1005432", 

        "EMAIL4": "-", 

        "TOTAL_RECEIPT_ITEM_COST": 102, 

        "ITEM": "1201459403", 

        "ITEM_DESC": "GE BWIPE NAT ALOE UNSC SOLO", 

        "INVOICE_QUANTITY": 100, 

        "DUE_DATE": "2022-02-09T00:00:00", 

        "UPC": "030034078713", 

        "TOTAL_INVOICE_ITEM_COST": 200, 

        "PACK_SIZE": 1, 

        "RECEIPT_DATE": "2022-01-11T00:00:00", 

        "SUPPLIER_SITE_NAME": "011788_PKP1_99_COLGATE INDIA", 

        "SUPPLIER_NUMBER": "1000902", 

        "VARIANCE_UNIT_COST": -0.98 

    }, 

    { 

        "VARIANCE_ITEM_COST": -48, 

        "RECEIPT_QUANTITY": 100, 

        "INVOICE_DATE": "2022-01-10T00:00:00", 

        "EMAIL3": "-", 

        "INVOICE_COST": 1.5, 

        "EMAIL2": "-", 

        "EMAIL1": "-", 

        "PO_NUMBER": 565175, 

        "RECEIPT_COST": 1.02, 

        "SUPPLIER_NAME": "COLGATE INDIA", 

        "INVOICE_NUMBER": "INV565175", 

        "EMAIL5": "snankur@deloitte.com", 

        "SUPPLIER_SITE": "1005432", 

        "EMAIL4": "-", 

        "TOTAL_RECEIPT_ITEM_COST": 102, 

        "ITEM": "1201459404", 

        "ITEM_DESC": "GE BWIPE NAT ALOE FRSH SCNT", 

        "INVOICE_QUANTITY": 100, 

        "DUE_DATE": "2022-02-09T00:00:00", 

        "UPC": "030034078720", 

        "TOTAL_INVOICE_ITEM_COST": 150, 

        "PACK_SIZE": 1, 

        "RECEIPT_DATE": "2022-01-11T00:00:00", 

        "SUPPLIER_SITE_NAME": "011788_PKP1_99_COLGATE INDIA", 

        "SUPPLIER_NUMBER": "1000902", 

        "VARIANCE_UNIT_COST": -0.48 

    }, 

    { 

        "VARIANCE_ITEM_COST": -10.2, 

        "RECEIPT_QUANTITY": 100, 

        "INVOICE_DATE": "2022-01-22T00:00:00", 

        "EMAIL3": "-", 

        "INVOICE_COST": 1.02, 

        "EMAIL2": "-", 

        "EMAIL1": "-", 

        "PO_NUMBER": 595154, 

        "RECEIPT_COST": 1.02, 

        "SUPPLIER_NAME": "COLGATE INDIA", 

        "INVOICE_NUMBER": "INV595154", 

        "EMAIL5": "snankur@deloitte.com", 

        "SUPPLIER_SITE": "1005432", 

        "EMAIL4": "-", 

        "TOTAL_RECEIPT_ITEM_COST": 102, 

        "ITEM": "1201459404", 

        "ITEM_DESC": "GE BWIPE NAT ALOE FRSH SCNT", 

        "INVOICE_QUANTITY": 110, 

        "DUE_DATE": "2022-02-21T00:00:00", 

        "UPC": "030034078720", 

        "TOTAL_INVOICE_ITEM_COST": 112.2, 

        "PACK_SIZE": 1, 

        "RECEIPT_DATE": "2022-01-22T00:00:00", 

        "SUPPLIER_SITE_NAME": "011788_PKP1_99_COLGATE INDIA", 

        "SUPPLIER_NUMBER": "1000902", 

        "VARIANCE_UNIT_COST": 0 

    }, 

    { 

        "VARIANCE_ITEM_COST": -20.4, 

        "RECEIPT_QUANTITY": 100, 

        "INVOICE_DATE": "2022-01-22T00:00:00", 

        "EMAIL3": "-", 

        "INVOICE_COST": 1.02, 

        "EMAIL2": "-", 

        "EMAIL1": "-", 

        "PO_NUMBER": 595154, 

        "RECEIPT_COST": 1.02, 

        "SUPPLIER_NAME": "COLGATE INDIA", 

        "INVOICE_NUMBER": "INV595154", 

        "EMAIL5": "snankur@deloitte.com", 

        "SUPPLIER_SITE": "1005432", 

        "EMAIL4": "-", 

        "TOTAL_RECEIPT_ITEM_COST": 102, 

        "ITEM": "1201459403", 

        "ITEM_DESC": "GE BWIPE NAT ALOE UNSC SOLO", 

        "INVOICE_QUANTITY": 120, 

        "DUE_DATE": "2022-02-21T00:00:00", 

        "UPC": "030034078713", 

        "TOTAL_INVOICE_ITEM_COST": 122.4, 

        "PACK_SIZE": 1, 

        "RECEIPT_DATE": "2022-01-22T00:00:00", 

        "SUPPLIER_SITE_NAME": "011788_PKP1_99_COLGATE INDIA", 

        "SUPPLIER_NUMBER": "1000902", 

        "VARIANCE_UNIT_COST": 0 

    }, 

    { 

        "VARIANCE_ITEM_COST": -32.25, 

        "RECEIPT_QUANTITY": 100, 

        "INVOICE_DATE": "2022-01-22T00:00:00", 

        "EMAIL3": "-", 

        "INVOICE_COST": 1.6125, 

        "EMAIL2": "-", 

        "EMAIL1": "-", 

        "PO_NUMBER": 595154, 

        "RECEIPT_COST": 1.6125, 

        "SUPPLIER_NAME": "COLGATE INDIA", 

        "INVOICE_NUMBER": "INV595154", 

        "EMAIL5": "snankur@deloitte.com", 

        "SUPPLIER_SITE": "1005432", 

        "EMAIL4": "-", 

        "TOTAL_RECEIPT_ITEM_COST": 161.25, 

        "ITEM": "1201390375", 

        "ITEM_DESC": "GE FLUSH MOIST WIPES RFL 84CT", 

        "INVOICE_QUANTITY": 120, 

        "DUE_DATE": "2022-02-21T00:00:00", 

        "UPC": "030034078676", 

        "TOTAL_INVOICE_ITEM_COST": 193.5, 

        "PACK_SIZE": 1, 

        "RECEIPT_DATE": "2022-01-22T00:00:00", 

        "SUPPLIER_SITE_NAME": "011788_PKP1_99_COLGATE INDIA", 

        "SUPPLIER_NUMBER": "1000902", 

        "VARIANCE_UNIT_COST": 0 

    }, 

    { 

        "VARIANCE_ITEM_COST": -138.75, 

        "RECEIPT_QUANTITY": 100, 

        "INVOICE_DATE": "2022-01-28T00:00:00", 

        "EMAIL3": "-", 

        "INVOICE_COST": 3, 

        "EMAIL2": "-", 

        "EMAIL1": "-", 

        "PO_NUMBER": 615192, 

        "RECEIPT_COST": 1.6125, 

        "SUPPLIER_NAME": "COLGATE INDIA", 

        "INVOICE_NUMBER": "INV615192", 

        "EMAIL5": "snankur@deloitte.com", 

        "SUPPLIER_SITE": "1005432", 

        "EMAIL4": "-", 

        "TOTAL_RECEIPT_ITEM_COST": 161.25, 

        "ITEM": "1201390375", 

        "ITEM_DESC": "GE FLUSH MOIST WIPES RFL 84CT", 

        "INVOICE_QUANTITY": 100, 

        "DUE_DATE": "2022-02-27T00:00:00", 

        "UPC": "030034078676", 

        "TOTAL_INVOICE_ITEM_COST": 300, 

        "PACK_SIZE": 1, 

        "RECEIPT_DATE": "2022-01-28T00:00:00", 

        "SUPPLIER_SITE_NAME": "011788_PKP1_99_COLGATE INDIA", 

        "SUPPLIER_NUMBER": "1000902", 

        "VARIANCE_UNIT_COST": -1.3875 

    }, 

    { 

        "VARIANCE_ITEM_COST": -88.75, 

        "RECEIPT_QUANTITY": 100, 

        "INVOICE_DATE": "2022-02-14T00:00:00", 

        "EMAIL3": "-", 

        "INVOICE_COST": 2.5, 

        "EMAIL2": "-", 

        "EMAIL1": "-", 

        "PO_NUMBER": 780221, 

        "RECEIPT_COST": 1.6125, 

        "SUPPLIER_NAME": "COLGATE INDIA", 

        "INVOICE_NUMBER": "INV780221", 

        "EMAIL5": "snankur@deloitte.com", 

        "SUPPLIER_SITE": "1005432", 

        "EMAIL4": "-", 

        "TOTAL_RECEIPT_ITEM_COST": 161.25, 

        "ITEM": "1201390375", 

        "ITEM_DESC": "GE FLUSH MOIST WIPES RFL 84CT", 

        "INVOICE_QUANTITY": 100, 

        "DUE_DATE": "2022-03-16T00:00:00", 

        "UPC": "030034078676", 

        "TOTAL_INVOICE_ITEM_COST": 250, 

        "PACK_SIZE": 1, 

        "RECEIPT_DATE": "2022-02-14T00:00:00", 

        "SUPPLIER_SITE_NAME": "011788_PKP1_99_COLGATE INDIA", 

        "SUPPLIER_NUMBER": "1000902", 

        "VARIANCE_UNIT_COST": -0.8875 

    }, 

    { 

        "VARIANCE_ITEM_COST": 2000, 

        "RECEIPT_QUANTITY": 400, 

        "INVOICE_DATE": "2022-01-11T00:00:00", 

        "EMAIL3": "-", 

        "INVOICE_COST": 4, 

        "EMAIL2": "-", 

        "EMAIL1": "-", 

        "PO_NUMBER": 565176, 

        "RECEIPT_COST": 9, 

        "SUPPLIER_NAME": "PEPSICO INDIA", 

        "INVOICE_NUMBER": "INV565176", 

        "EMAIL5": "snankur@deloitte.com", 

        "SUPPLIER_SITE": "1005503", 

        "EMAIL4": "-", 

        "TOTAL_RECEIPT_ITEM_COST": 3600, 

        "ITEM": "1202630658", 

        "ITEM_DESC": "MUTE BREATHE TRIAL SIZES 3CT", 

        "INVOICE_QUANTITY": 400, 

        "DUE_DATE": "2022-02-10T00:00:00", 

        "UPC": "93493920000302", 

        "TOTAL_INVOICE_ITEM_COST": 1600, 

        "PACK_SIZE": 1, 

        "RECEIPT_DATE": "2022-01-11T00:00:00", 

        "SUPPLIER_SITE_NAME": "000107_PKP1_99_PEPSICO INDIA", 

        "SUPPLIER_NUMBER": "1000922", 

        "VARIANCE_UNIT_COST": 5 

    }, 

    { 

        "VARIANCE_ITEM_COST": 1200, 

        "RECEIPT_QUANTITY": 4800, 

        "INVOICE_DATE": "2022-01-11T00:00:00", 

        "EMAIL3": "-", 

        "INVOICE_COST": 210, 

        "EMAIL2": "-", 

        "EMAIL1": "-", 

        "PO_NUMBER": 565176, 

        "RECEIPT_COST": 9, 

        "SUPPLIER_NAME": "PEPSICO INDIA", 

        "INVOICE_NUMBER": "INV565176", 

        "EMAIL5": "snankur@deloitte.com", 

        "SUPPLIER_SITE": "1005503", 

        "EMAIL4": "-", 

        "TOTAL_RECEIPT_ITEM_COST": 43200, 

        "ITEM": "260927", 

        "ITEM_DESC": "MUTE BREATHE TRIAL SIZES 3CT", 

        "INVOICE_QUANTITY": 200, 

        "DUE_DATE": "2022-02-10T00:00:00", 

        "UPC": "89349392000036", 

        "TOTAL_INVOICE_ITEM_COST": 42000, 

        "PACK_SIZE": 24, 

        "RECEIPT_DATE": "2022-01-11T00:00:00", 

        "SUPPLIER_SITE_NAME": "000107_PKP1_99_PEPSICO INDIA", 

        "SUPPLIER_NUMBER": "1000922", 

        "VARIANCE_UNIT_COST": -201 

    }, 

    { 

        "VARIANCE_ITEM_COST": 186.3, 

        "RECEIPT_QUANTITY": 216, 

        "INVOICE_DATE": "2022-01-11T00:00:00", 

        "EMAIL3": "-", 

        "INVOICE_COST": 267.3, 

        "EMAIL2": "-", 

        "EMAIL1": "-", 

        "PO_NUMBER": 565176, 

        "RECEIPT_COST": 12, 

        "SUPPLIER_NAME": "PEPSICO INDIA", 

        "INVOICE_NUMBER": "INV565176", 

        "EMAIL5": "snankur@deloitte.com", 

        "SUPPLIER_SITE": "1005503", 

        "EMAIL4": "-", 

        "TOTAL_RECEIPT_ITEM_COST": 2592, 

        "ITEM": "260851", 

        "ITEM_DESC": "MUTE BREATHE 30 DAYS MEDIUM 3C", 

        "INVOICE_QUANTITY": 9, 

        "DUE_DATE": "2022-02-10T00:00:00", 

        "UPC": "89349392000012", 

        "TOTAL_INVOICE_ITEM_COST": 2405.7, 

        "PACK_SIZE": 24, 

        "RECEIPT_DATE": "2022-01-11T00:00:00", 

        "SUPPLIER_SITE_NAME": "000107_PKP1_99_PEPSICO INDIA", 

        "SUPPLIER_NUMBER": "1000922", 

        "VARIANCE_UNIT_COST": -255.3 

    }, 

    { 

        "VARIANCE_ITEM_COST": -3200, 

        "RECEIPT_QUANTITY": 400, 

        "INVOICE_DATE": "2022-01-11T00:00:00", 

        "EMAIL3": "-", 

        "INVOICE_COST": 20, 

        "EMAIL2": "-", 

        "EMAIL1": "-", 

        "PO_NUMBER": 565177, 

        "RECEIPT_COST": 12, 

        "SUPPLIER_NAME": "PEPSICO INDIA", 

        "INVOICE_NUMBER": "INV565177", 

        "EMAIL5": "snankur@deloitte.com", 

        "SUPPLIER_SITE": "1005503", 

        "EMAIL4": "-", 

        "TOTAL_RECEIPT_ITEM_COST": 4800, 

        "ITEM": "1202630656", 

        "ITEM_DESC": "MUTE BREATHE 30 DAYS MEDIUM 3C", 

        "INVOICE_QUANTITY": 400, 

        "DUE_DATE": "2022-02-10T00:00:00", 

        "UPC": "93493920000166", 

        "TOTAL_INVOICE_ITEM_COST": 8000, 

        "PACK_SIZE": 1, 

        "RECEIPT_DATE": "2022-01-11T00:00:00", 

        "SUPPLIER_SITE_NAME": "000107_PKP1_99_PEPSICO INDIA", 

        "SUPPLIER_NUMBER": "1000922", 

        "VARIANCE_UNIT_COST": -8 

    }, 

    { 

        "VARIANCE_ITEM_COST": -500, 

        "RECEIPT_QUANTITY": 500, 

        "INVOICE_DATE": "2022-01-28T00:00:00", 

        "EMAIL3": "-", 

        "INVOICE_COST": 10, 

        "EMAIL2": "-", 

        "EMAIL1": "-", 

        "PO_NUMBER": 610173, 

        "RECEIPT_COST": 9, 

        "SUPPLIER_NAME": "PEPSICO INDIA", 

        "INVOICE_NUMBER": "INV610174", 

        "EMAIL5": "snankur@deloitte.com", 

        "SUPPLIER_SITE": "1005503", 

        "EMAIL4": "-", 

        "TOTAL_RECEIPT_ITEM_COST": 4500, 

        "ITEM": "1202630658", 

        "ITEM_DESC": "MUTE BREATHE TRIAL SIZES 3CT", 

        "INVOICE_QUANTITY": 500, 

        "DUE_DATE": "2022-02-27T00:00:00", 

        "UPC": "93493920000302", 

        "TOTAL_INVOICE_ITEM_COST": 5000, 

        "PACK_SIZE": 1, 

        "RECEIPT_DATE": "2022-01-27T00:00:00", 

        "SUPPLIER_SITE_NAME": "000107_PKP1_99_PEPSICO INDIA", 

        "SUPPLIER_NUMBER": "1000922", 

        "VARIANCE_UNIT_COST": -1 

    } 

] 